<Schema name="SucoFrutas" description="Esquema dos Data Marts da empresa de Suco de Frutas">
  <Dimension type="TimeDimension" visible="true" highCardinality="false" name="Tempo">
    <Hierarchy name="Calendario" visible="true" hasAll="true" allMemberName="Total Calendario" allMemberCaption="Total Calend&#225;rio" primaryKey="id_tempo" caption="Calend&#225;rio">
      <Table name="dim_tempo">
      </Table>
      <Level name="Ano" visible="true" column="Numero_Ano" type="String" uniqueMembers="false" levelType="TimeYears" hideMemberIf="Never">
      </Level>
      <Level name="Semestre" visible="true" column="Numero_Semestre" nameColumn="Nome_Semestre" type="String" uniqueMembers="false" levelType="TimeHalfYears" hideMemberIf="Never">
      </Level>
      <Level name="Trimestre" visible="true" column="Numero_Trimestre" nameColumn="Nome_Trimestre" type="String" uniqueMembers="false" levelType="TimeQuarters" hideMemberIf="Never">
      </Level>
      <Level name="Mes" visible="true" column="Numero_Mes" nameColumn="Nome_Mes" type="String" uniqueMembers="false" levelType="TimeMonths" hideMemberIf="Never" caption="M&#234;s">
      </Level>
    </Hierarchy>
  </Dimension>
  <Dimension type="StandardDimension" visible="true" highCardinality="false" name="Produto">
    <Hierarchy name="Produto" visible="true" hasAll="true" allMemberName="Todos os Produtos" primaryKey="Id_Produto">
      <Table name="Dim_Produto">
      </Table>
      <Level name="Categoria" visible="true" column="Cod_Categoria" type="String" uniqueMembers="false" levelType="Regular" hideMemberIf="Never" caption="Categoria" captionColumn="Desc_Categoria">
      </Level>
      <Level name="Marca" visible="true" column="Cod_Marca" type="String" uniqueMembers="false" levelType="Regular" hideMemberIf="Never" caption="Marca" description="Marca" captionColumn="Desc_Marca">
      </Level>
      <Level name="Produto" visible="true" column="Cod_Produto" type="String" uniqueMembers="false" levelType="Regular" hideMemberIf="Never" caption="Produto" description="Produto" captionColumn="Desc_Produto">
      </Level>
    </Hierarchy>
    <Hierarchy name="Tamanho" visible="true" hasAll="true" allMemberName="Todos os Tamanhos" primaryKey="Id_Produto">
      <Table name="Dim_Produto">
      </Table>
      <Level name="Tamanho" visible="true" column="Atr_Tamanho" type="String" uniqueMembers="false" levelType="Regular" hideMemberIf="Never" caption="Tamanho" description="Tamanho" captionColumn="Atr_Tamanho">
      </Level>
    </Hierarchy>
    <Hierarchy name="Sabor" visible="true" hasAll="true" allMemberName="Todos os Sabores" primaryKey="Id_Produto">
      <Table name="Dim_Produto">
      </Table>
      <Level name="Sabor" visible="true" column="Atr_Sabor" type="String" uniqueMembers="false" levelType="Regular" hideMemberIf="Never" caption="Sabor" description="Sabor" captionColumn="Atr_Sabor">
      </Level>
    </Hierarchy>
  </Dimension>
  <Dimension type="StandardDimension" visible="true" highCardinality="false" name="Cliente" description="Cliente">
    <Hierarchy name="Cliente" visible="true" hasAll="true" allMemberName="Todos os Clientes" primaryKey="Id_Cliente" description="Cliente">
      <Table name="Dim_Cliente">
      </Table>
      <Level name="Regiao" visible="true" column="Cod_Regiao" type="String" uniqueMembers="false" levelType="Regular" hideMemberIf="Never" caption="Regi&#227;o" captionColumn="Desc_Regiao">
      </Level>
      <Level name="Estado" visible="true" column="Cod_Estado" type="String" uniqueMembers="false" levelType="Regular" hideMemberIf="Never" caption="Estado" captionColumn="Desc_Estado">
      </Level>
      <Level name="Cidade" visible="true" column="Cod_Cidade" type="String" uniqueMembers="false" levelType="Regular" hideMemberIf="Never" caption="Cidade" description="Cidade" captionColumn="Desc_Cidade">
      </Level>
      <Level name="Cliente" visible="true" column="Cod_Cliente" type="String" uniqueMembers="false" levelType="Regular" hideMemberIf="Never" caption="Cliente" description="Cliente" captionColumn="Desc_Cliente">
      </Level>
    </Hierarchy>
    <Hierarchy name="Segmento" visible="true" hasAll="true" allMemberCaption="Todos os Segmentos" primaryKey="Id_Cliente" description="Segmento">
      <Table name="Dim_Cliente">
      </Table>
      <Level name="Segmento" visible="true" column="Cod_Segmento" type="String" uniqueMembers="false" levelType="Regular" hideMemberIf="Never" caption="Segmento" description="Segmento" captionColumn="Desc_Segmento">
      </Level>
    </Hierarchy>
  </Dimension>
  <Dimension type="StandardDimension" visible="true" highCardinality="false" name="Organizacional" description="Organizacional">
    <Hierarchy name="Organizacional" visible="true" hasAll="true" allMemberName="Todos da Organizacao" allMemberCaption="Todos da Organiza&#231;&#227;o" primaryKey="Id_Vendedor" description="Organizacional">
      <Table name="Dim_Organizacional">
      </Table>
      <Level name="Diretor" visible="true" column="Cod_Diretor" type="String" uniqueMembers="false" levelType="Regular" hideMemberIf="Never" caption="Diretor" description="Diretor" captionColumn="Desc_Diretor">
      </Level>
      <Level name="Gerente" visible="true" column="Cod|_Gerente" type="String" uniqueMembers="false" levelType="Regular" hideMemberIf="Never" caption="Gerente" description="Gerente" captionColumn="Desc_Gerente">
      </Level>
      <Level name="Vendedor" visible="true" column="Cod_Vendedor" type="String" uniqueMembers="false" levelType="Regular" hideMemberIf="Never" caption="Vendedor" description="Vendedor" captionColumn="Desc_Vendedor">
      </Level>
    </Hierarchy>
  </Dimension>
  <Dimension type="StandardDimension" visible="true" highCardinality="false" name="Fabrica" caption="F&#225;brica">
    <Hierarchy name="Fabrica" visible="true" hasAll="true" allMemberName="Todas as Fabricas" allMemberCaption="Todas as F&#225;bricas" primaryKey="Id_Fabrica" caption="F&#225;brica">
      <Table name="Dim_Fabrica">
      </Table>
      <Level name="Fabrica" visible="true" column="Cod_Fabrica" type="String" uniqueMembers="false" levelType="Regular" hideMemberIf="Never" caption="F&#225;brica" captionColumn="Desc_Fabrica">
      </Level>
    </Hierarchy>
  </Dimension>
  <Cube name="dmpresidencia" visible="true" description="Data Mart da Presid&#234;ncia" cache="true" enabled="true">
    <Table name="fato_presidencia">
    </Table>
    <DimensionUsage source="Tempo" name="Tempo" visible="true" foreignKey="id_tempo" highCardinality="false">
    </DimensionUsage>
    <DimensionUsage source="Produto" name="Produto" visible="true" foreignKey="Id_Produto" highCardinality="false">
    </DimensionUsage>
    <DimensionUsage source="Cliente" name="Cliente" visible="true" foreignKey="Id_Cliente" highCardinality="false">
    </DimensionUsage>
    <DimensionUsage source="Organizacional" name="Organizacional" visible="true" foreignKey="Id_Vendedor" highCardinality="false">
    </DimensionUsage>
    <DimensionUsage source="Fabrica" name="F&#225;brica" caption="F&#225;brica" visible="true" foreignKey="ID_Fabrica" highCardinality="false">
    </DimensionUsage>
    <Measure name="Faturamento" column="Faturamento" datatype="Numeric" formatString="#,###.00" aggregator="sum" caption="Faturamento" description="Faturamento em R$" visible="true">
    </Measure>
    <Measure name="Custo de Frete" column="Custo_Frete" datatype="Numeric" formatString="#,###.00" aggregator="sum" caption="Custo de Frete" description="Custo de Frete em R$" visible="true">
    </Measure>
    <Measure name="Custo Fixo" column="Custo_Fixo" datatype="Numeric" formatString="#,###.00" aggregator="sum" caption="Custo Fixo" description="Custo Fixo em R$" visible="true">
    </Measure>
    <Measure name="Custo Variavel" column="Custo_Variavel" datatype="Numeric" formatString="#,###.00" aggregator="sum" caption="Custo vari&#225;vel" description="Custo Variavel em R$" visible="true">
    </Measure>
    <Measure name="Imposto" column="Imposto" datatype="Numeric" formatString="#,###.00" aggregator="sum" caption="Imposto" description="Imposto em R$" visible="true">
    </Measure>
    <Measure name="Meta Custo" column="Meta_Custo" datatype="Numeric" formatString="#,###.00" aggregator="sum" caption="Meta Custo" description="Meta Custo em R$" visible="true">
    </Measure>
    <Measure name="Meta Faturamento" column="Meta_Faturamento" datatype="Numeric" formatString="#,###.00" aggregator="sum" caption="Meta Faturamento" description="Meta Faturamento em R$" visible="true">
    </Measure>
    <Measure name="Quantidade Vendida" column="Quantidade_Vendida" datatype="Numeric" formatString="#,###.00" aggregator="sum" caption="Quantidade Vendida" description="Quantidade Vendida em Litros" visible="true">
    </Measure>
    <Measure name="Unidade Vendida" column="Unidade_Vendida" datatype="Numeric" formatString="#,###.00" aggregator="sum" caption="Unidade Vendida" description="Unidade Vendida" visible="true">
    </Measure>
    <CalculatedMember name="Faturamento Liquido" caption="Faturamento L&#237;quido" formula="[Measures].[Faturamento]-[Measures].[Custo de Frete]-[Measures].[Imposto]" dimension="Measures" visible="true">
    </CalculatedMember>
    <CalculatedMember name="Margem" caption="Margem" formula="[Measures].[Faturamento Liquido]-[Measures].[Custo Fixo]-[Measures].[Custo Variavel]" dimension="Measures" visible="true">
    </CalculatedMember>
    <CalculatedMember name="Preco Medio" caption="Pre&#231;o M&#233;dio" formula="[Measures].[Faturamento]/[Measures].[Quantidade Vendida]" dimension="Measures" visible="true">
    </CalculatedMember>
    <CalculatedMember name="Variacao da Meta Faturamento" caption="Varia&#231;&#227;o da Meta de Faturamento" formula="(([Measures].[Faturamento Liquido]/[Measures].[Meta Faturamento])-1)*100" dimension="Measures" visible="true">
    </CalculatedMember>
    <CalculatedMember name="Variacao da Meta Custo" caption="Varia&#231;&#227;o da Meta Custo" formula="((([Measures].[Custo Fixo]+[Measures].[Custo Variavel])/[Measures].[Meta Custo])-1)*100" dimension="Measures" visible="true">
    </CalculatedMember>
    <CalculatedMember name="Variacao da Meta Margem" caption="Varia&#231;&#227;o da Meta Margem" formula="((([Measures].[Margem])/([Measures].[Meta Faturamento]-[Measures].[Meta Custo]))-1)*100" dimension="Measures" visible="true">
    </CalculatedMember>
  </Cube>
  <Role name="Administrator">
    <SchemaGrant access="all">
    </SchemaGrant>
  </Role>
  <Role name="Sudeste">
    <SchemaGrant access="all_dimensions">
      <CubeGrant cube="dmpresidencia" access="all">
        <HierarchyGrant hierarchy="[Cliente.Cliente]" topLevel="[Cliente.Cliente].[Regiao]" access="custom">
          <MemberGrant member="[Cliente].[Sudeste]" access="all">
          </MemberGrant>
        </HierarchyGrant>
      </CubeGrant>
    </SchemaGrant>
  </Role>
  <Role name="Authenticated">
    <SchemaGrant access="none">
    </SchemaGrant>
  </Role>
</Schema>
